file	alt	original_url
images/logo.png	SocMgt Logo	https://lh3.googleusercontent.com/aida-public/AB6AXuBAx8--xIvNC2xSfTHWo6K3rEyBvpIEIR1B9lNSr45LzK6MC5aebCF9umuy6CYcnD4Qg_0HCm7wnNAawYLFnQRP0AxzvbKezDsrgOktmV9UC0EFDQLazqSf-eidI-1zcciPKpg1qDnyeNGcNvLRPFCfSK0rVYtj6pT4ey8HOPyVJNbXT7VxZ1ux-QQQ_1NiW5jFsyRaPCuJGfTXoyAWRQnGy0iV5C3V9fGMyonRoCav3tNkI31dZVrSGIITB5ARCqg0Ug
images/hero-community.jpg	Modern luxury residential high-rise community illuminated at dusk	https://lh3.googleusercontent.com/aida/AEtjO1UdLAAPMxh0H6qKJyXrwnBp-5Bcej-juNrf5zdfoGOhfqyQU9_Sl82Rh6IeKASwTv1LtUF4Utch7EOtQbkBMslcT5dy8Wf2BxV6-_8dtwFl1nyHaZV9FuKaCTXW0GxHuid1u6X6vDODdX22QCymlnOF58J1M7LKP0P2I7VaK7A4IrH1NzQdBFoIMpM2eR5NdfPQJLfXjy1blDCAqf1PG-nP5cba7onIoE10z-KYdYVPeVJA5feFwcLZiA
images/ecosystem-diagram.png	Ultra-HD 4K Residential Smart Community Ecosystem Diagram	https://lh3.googleusercontent.com/aida/AEtjO1VReepF-3W1aJUToACPjf_QF3dabM8xt4Gy4mMXoT3Rf7aaObpsRPk5i9YHXT82W3Lw-l2G30IijlFQ9EoikzivPhq0YLM2FWvZxzmtKaDx_vpXiI5XaaeOYYcL2elPoobPgFw4gDjKEVc1fl3pKWJKtdOQtuxM-Vc2h-mVNZBXzvD2g-uUE0Xlrlbbh9AjBFSvgnCv2wBiPWT0Y0sY46wQjsDRmg4MUtCK7k8qwumJLR0rFT0fxBP31A
images/architecture-setup.png	Multi-tenant residential community onboarding and hierarchy diagram	https://lh3.googleusercontent.com/aida/AEtjO1WJ2w50BGcs8Yon2S4QbGad4rEcUra0M4_-edNXLdy83IPig_u_Q_ckDtaWW1PEftC3zC4twToIE_V-uE6mGGhgZQPsnqFo3s4D2JMg9DDhwAk3VhTjD2jpqPnCNRTLV3wi7MSZDotkcIQ84Iftx7hNvIGW89I87jRmJFBve58KQSLBtSCLGKy5T0Wn6a2CNLMc4mmfIOA0LrkGc3KeQUcqoRaBYgfsuBBjucZB7P9Mh4srhDHIaU0_7GA
images/billing-meters.png	Automated utility metering and notification engine diagram	https://lh3.googleusercontent.com/aida/AEtjO1VKTLNnQ7gidIHfyIzs6yWje0zV8TiNckscXcPqfNz1lsLAIjxiIkLQCpIs-2FtYEuhe1j0wH1E-cxO23f7c2Bc5ksDQtEjtNx4P874ZT3HzCrNyzuY-vYRQmJVuKqGu-ZrySvAbz-SHInSvknOPt1Bn7vtRw-xzBv82onGBmDCOnIpAwPjhKH0E51GeC647-VFb9dywkfBmIXxCZrFCHMa7753_CcqMKf7TeoexvPpxAtqTtWtf69Pvg
images/governance-vault.png	Isometric 3D vector diagram of resident voting document vault and renovation approvals	https://lh3.googleusercontent.com/aida/AEtjO1W0CL_8xqx876Ct1nFwlu7aqububuuScgjLI2laBYUpvi5UEsATM3DMci7R-8KRweGoNWZbPcaQ3iYTJ3g6Rxxl9dTkV9eh3acmBEye8_DsOZXk135gQAZS7phkM5Y4jFWeQ1cTl7ZJZUa-VyLhsZOvsVSmqAPi9h4LMInZjtpkLs4gEVhDnZPmaEhY1oEaeI3PmCF-z_cv2xEMjaiTv_Y1-LZXJwb9B6I-xTzXES4Sq3h-ju0FvMJWNA
images/showcase-security.jpg	Modern friendly security guard at barrier gate with digital tablet	https://lh3.googleusercontent.com/aida/AEtjO1XTNbjpfM4-mmLF7FjkS0CGMyu2Nlq41GpTPSetPjVxTbzoVQD6QqsK58RPDPa5Wl9VoHrY6FQgZp4HexYctbDF28UYATsjlvvK4FTEfwntnQqhc7XhLwi6ZQmefFNOgV1ceOaRUHpIry_ZDqgxxkKob_yPGYo-YP6EnSOxHVPSknpqNaAtH1JeSQV4zhgx0sMjGQEHpYeOGGuXHbK1zW2g1izhe4Qx8fu7MaiiNN7P9Cotuujhei1_8YE
images/showcase-finance.jpg	Professional community estate manager or board trustee reviewing community maintenance and financials on iPad	https://lh3.googleusercontent.com/aida/AEtjO1UXF-ZmoFkKQ0Y9BE8hTEkMc_8keap2BdysIgSJmY1atQaO--3X1NkbtaSVbL55WlqY5VxsUlp3esnb_zBxR80o6JmNya_TOXh_9DiESkTwjTu_Rso3jLp3k4JuPp-ADbvaQqbx3pa4_XhBHI8qwXoRS2rtMwkw6-BOe0lzbPgt-7x38aYcNJ93XDyWLj4r7ogSWLDe0moGjWInZD_ZxotCT3oLGk2is4TqlSkjj5D3FAesySgf212G4KU
images/showcase-amc.jpg	Community maintenance technician inspecting solar inverter and electrical substation with digital tablet	https://lh3.googleusercontent.com/aida/AEtjO1Xbn3E8M5P4SAXJAaJusXJYUYTKR9FmT7b3smAudF9TOvp25anjZO8m7YzrL5lxOMQzR9DrQ8SCE1Ia0zKAKDtxgsxzDMcYG7dfVsyNdEQbKNRW8TExYZhISY7AtlKBAiIe0jkMyjfN4zZUqJoYbs0olgCS9SjjkhBapZMMwfhFvdc7sxSKITkPAAeNREGXCHmMkCCfaK2Rhu2Ft_MB83fO3xdgt27HkWx-cG_u_U81gcUlPARiP4GaJw
images/showcase-resident.jpg	Happy family walking with golden retriever through sunny luxury modern residential apartment community courtyard checking resident app	https://lh3.googleusercontent.com/aida/AEtjO1XHAWDJ58vwP-FM5FbnpcecCM65P4U29HnmEWKe4rH2EDveeACQxdhaxBFl02G_TRrJ61vwk7p9GKQwoD4fWZbc7J7-wDUFFQewcYLKDiBCon0oisG9H1P_v41mgiqS3G4MloFE9SQ9T2Bd_DZsuKbu848WL5dEnKfelNCH0IVU42bNykXevKwHtP0AH2Q7DndBRqmwns_H2UfGVdwE8uLLsmN_TWV6dKJSjp9B5xzarJmH5xeIoIyOTc8
images/showcase-board.jpg	Executive committee board and trustees collaborating around conference table	https://lh3.googleusercontent.com/aida/AEtjO1WXUG2h-_IQoHSSjO7JPC40BhU5SgGWWlve9EKj6GyHHt7HO5mbO1WTn84F8sSnvSm4AgGwZzqO3YzqDML_crxYqlWBDggAU6q_sfVdrD1W5Oa_kEiINjta6my_wXJ0Orw-rZep4x7KYgAOgd5KXjAaUJ92NG9Z7p4CKG0zPOl7HZWjdgrx2HG5lkc-tUO2acuLdyZjoECdH958OGcD5QiQ0XdA2o5M1KQOIz122lU_wOsw9jIPWWNrct4
images/logo.png	SocMgt Logo	https://lh3.googleusercontent.com/aida-public/AB6AXuD2m9giQFg1fA-bo2hZ8UWpQLf545RiYX9rR2WdFzUWwdK0X12P5_maIxV6-tQa6_oyviCuYj8iQwM0BsZTmunjb6yeZv69m2mYsR6sU8OT-d9g8M_DxdSQdNR1MVf9bzb3yvVKfCqwVJ0oYaRST8gIV0vHWCiAiS1E0uqo0bLlRZ5AYe4bzvYz7xBlyAjR6LjVNj7TRRuscbjq22CpmP1ZEbZl2EuHtdoyLSY0fGiegdTIopACGVdpy0g75qvfTbw3kA
